[
  {
    "id": "e35f98f8-664e-4d29-9f47-e08f6f4779e2",
    "data": [
      {
        "text": "I am craving for ",
        "userDefined": false
      },
      {
        "text": "veg biryani",
        "alias": "cuisine",
        "meta": "@cuisine",
        "userDefined": true
      }
    ],
    "isTemplate": false,
    "count": 0,
    "updated": 1536780189
  },
  {
    "id": "ee44a4cd-aa5c-4217-af33-9a47c71744b3",
    "data": [
      {
        "text": "find my ",
        "userDefined": false
      },
      {
        "text": "rosogulla",
        "alias": "cuisine",
        "meta": "@cuisine",
        "userDefined": true
      }
    ],
    "isTemplate": false,
    "count": 0,
    "updated": 1536780189
  },
  {
    "id": "ac2b4a71-a3ca-463f-a5c8-5ff310095578",
    "data": [
      {
        "text": "Where should I go to eat ",
        "userDefined": false
      },
      {
        "text": "bhalla",
        "alias": "cuisine",
        "meta": "@cuisine",
        "userDefined": true
      }
    ],
    "isTemplate": false,
    "count": 0,
    "updated": 1536780189
  },
  {
    "id": "9cc84530-ed18-449d-a927-16462f8dea93",
    "data": [
      {
        "text": "Locate my nearest ",
        "userDefined": false
      },
      {
        "text": "italian",
        "alias": "cuisine",
        "meta": "@cuisine",
        "userDefined": true
      },
      {
        "text": " restaurant",
        "userDefined": false
      }
    ],
    "isTemplate": false,
    "count": 0,
    "updated": 1536780189
  },
  {
    "id": "d36b0a8c-e3d3-477e-b84c-3fd6833cd465",
    "data": [
      {
        "text": "Where can I find ",
        "userDefined": false
      },
      {
        "text": "nan",
        "alias": "cuisine",
        "meta": "@cuisine",
        "userDefined": true
      }
    ],
    "isTemplate": false,
    "count": 0,
    "updated": 1536780189
  },
  {
    "id": "3d855f0a-a0bc-4ace-a089-00654ba9457d",
    "data": [
      {
        "text": "I want to eat ",
        "userDefined": false
      },
      {
        "text": "daal makhani",
        "alias": "cuisine",
        "meta": "@cuisine",
        "userDefined": true
      }
    ],
    "isTemplate": false,
    "count": 0,
    "updated": 1536780189
  },
  {
    "id": "0b536220-565c-4369-8c34-cf1235271048",
    "data": [
      {
        "text": "Tell me the nearest restaurant where I can eat ",
        "userDefined": false
      },
      {
        "text": "gulab jamun",
        "alias": "cuisine",
        "meta": "@cuisine",
        "userDefined": true
      }
    ],
    "isTemplate": false,
    "count": 0,
    "updated": 1536780189
  },
  {
    "id": "7e02667f-6b1f-4c0f-a392-d3041971efee",
    "data": [
      {
        "text": "Where\u0027s the nearest place I can eat ",
        "userDefined": false
      },
      {
        "text": "jamun",
        "alias": "cuisine",
        "meta": "@cuisine",
        "userDefined": true
      }
    ],
    "isTemplate": false,
    "count": 0,
    "updated": 1536780189
  },
  {
    "id": "2694b5d6-749d-407b-8b50-2c745e950890",
    "data": [
      {
        "text": "I am in mood of eating some ",
        "userDefined": false
      },
      {
        "text": "chowmein",
        "alias": "cuisine",
        "meta": "@cuisine",
        "userDefined": true
      }
    ],
    "isTemplate": false,
    "count": 0,
    "updated": 1536780189
  },
  {
    "id": "151a668b-01a6-4abf-a8d9-82bc3d1b8b45",
    "data": [
      {
        "text": "I feel like eating ",
        "userDefined": false
      },
      {
        "text": "gulab jamun",
        "alias": "cuisine",
        "meta": "@cuisine",
        "userDefined": true
      }
    ],
    "isTemplate": false,
    "count": 0,
    "updated": 1536780189
  },
  {
    "id": "c6779225-3347-481e-a59a-0a8a69dd69b8",
    "data": [
      {
        "text": "I want to eat ",
        "userDefined": false
      },
      {
        "text": "italian",
        "alias": "cuisine",
        "meta": "@cuisine",
        "userDefined": true
      }
    ],
    "isTemplate": false,
    "count": 0,
    "updated": 1536780189
  }
]