[
  {
    "id": "45a7a285-5878-4543-bb46-0279ecaa943a",
    "data": [
      {
        "text": "More information about ",
        "userDefined": false
      },
      {
        "text": "The Local",
        "alias": "restaurant",
        "meta": "@restaurant",
        "userDefined": true
      }
    ],
    "isTemplate": false,
    "count": 0,
    "updated": 1536777182
  },
  {
    "id": "d0289cec-0d44-47b6-a025-866f69fe186d",
    "data": [
      {
        "text": "How costly is ",
        "userDefined": false
      },
      {
        "text": "Mithaas",
        "alias": "restaurant",
        "meta": "@restaurant",
        "userDefined": true
      },
      {
        "text": "?",
        "userDefined": false
      }
    ],
    "isTemplate": false,
    "count": 0,
    "updated": 1536777182
  },
  {
    "id": "e37e6332-ba8e-4dc8-bb88-15e1caec668d",
    "data": [
      {
        "text": "Where is ",
        "userDefined": false
      },
      {
        "text": "Brijwasi Sweets",
        "alias": "restaurant",
        "meta": "@restaurant",
        "userDefined": true
      },
      {
        "text": " located?",
        "userDefined": false
      }
    ],
    "isTemplate": false,
    "count": 0,
    "updated": 1536777182
  },
  {
    "id": "43a3c529-c616-4db4-84f1-9ece256e775b",
    "data": [
      {
        "text": "tell me more about ",
        "userDefined": false
      },
      {
        "text": "lords of the drink",
        "alias": "restaurant",
        "meta": "@restaurant",
        "userDefined": true
      }
    ],
    "isTemplate": false,
    "count": 0,
    "updated": 1536642222
  },
  {
    "id": "c4ac8d71-74c6-42cd-92ab-0fd4e6d5db7c",
    "data": [
      {
        "text": "Tell me more about ",
        "userDefined": false
      },
      {
        "text": "the junkyard cafe",
        "alias": "restaurant",
        "meta": "@restaurant",
        "userDefined": true
      }
    ],
    "isTemplate": false,
    "count": 0,
    "updated": 1536642222
  }
]