[
  {
    "value": "italian",
    "synonyms": [
      "italian"
    ]
  },
  {
    "value": "mexican",
    "synonyms": [
      "mexican"
    ]
  },
  {
    "value": "indian",
    "synonyms": [
      "indian"
    ]
  },
  {
    "value": "south indian",
    "synonyms": [
      "south indian"
    ]
  },
  {
    "value": "chinese",
    "synonyms": [
      "chinese"
    ]
  },
  {
    "value": "north indian",
    "synonyms": [
      "north indian"
    ]
  },
  {
    "value": "gulab jamun",
    "synonyms": [
      "gulab jamun"
    ]
  },
  {
    "value": "chowmein",
    "synonyms": [
      "chowmein"
    ]
  }
]